CustomerID,名前,年齢,性別,住所,都道府県,電話番号,登録日
C001,田中 翔,71,男性,福岡県2-59-746,福岡県,85-9580-9763,2022/2/15
C002,伊藤 翔,27,男性,福岡県17-25-449,福岡県,42-8528-4090,2022/9/2
C003,中村 大輔,19,男性,埼玉県13-40-574,埼玉県,89-4476-9769,2022/10/15
C004,伊藤 大輔,19,男性,東京都9-9-655,東京都,16-3609-9983,2022/9/11
C005,小林 翔,72,男性,千葉県5-15-918,千葉県,10-9404-1172,2023/1/13
C006,加藤 陽子,68,女性,北海道7-60-218,北海道,89-1861-4035,2022/7/20
C007,田中 翔,39,男性,愛知県2-87-955,愛知県,10-7563-9599,2022/12/24
C008,加藤 麗奈,76,女性,埼玉県13-19-439,埼玉県,20-7049-8531,2022/5/10
C009,伊藤 麗奈,35,女性,大阪府12-63-715,大阪府,12-8132-2237,2022/6/7
C010,渡辺 太郎,40,その他,埼玉県19-21-626,埼玉県,10-7487-1124,2022/6/19
C011,佐藤 健一,53,男性,東京都16-42-236,東京都,12-6802-2277,2022/11/16
C012,加藤 翔,77,男性,大阪府1-64-946,大阪府,51-6261-2880,2022/12/21
C013,鈴木 由美,78,女性,大阪府18-98-425,大阪府,78-4500-5461,2022/6/12
C014,高橋 明美,46,女性,福岡県12-41-476,福岡県,51-6395-1887,2023/1/3
C015,加藤 麗奈,28,女性,北海道18-1-276,北海道,59-8836-9434,2023/1/22
C016,高橋 一郎,51,男性,神奈川県19-31-226,神奈川県,48-7749-2739,2022/9/9
C017,吉田 健一,76,男性,埼玉県10-45-962,埼玉県,25-8151-5732,2022/3/8
C018,小林 明美,57,その他,千葉県14-28-271,千葉県,46-6855-9290,2022/11/26
C019,高橋 明美,22,女性,東京都12-71-541,東京都,76-7114-7349,2022/2/7
C020,加藤 翔,77,男性,千葉県14-28-170,千葉県,46-7841-3938,2022/5/6
C021,鈴木 大輔,51,その他,神奈川県5-30-520,神奈川県,36-8250-1380,2022/8/1
C022,伊藤 明美,65,その他,愛知県20-18-407,愛知県,55-2616-3043,2022/2/10
C023,鈴木 太郎,51,その他,神奈川県1-17-633,神奈川県,62-8060-7069,2022/1/27
C024,加藤 由美,58,その他,愛知県7-19-375,愛知県,33-9156-3554,2023/1/24
C025,佐藤 大輔,54,男性,神奈川県20-54-187,神奈川県,57-7099-5064,2022/12/11
C026,小林 翔,73,その他,大阪府18-65-476,大阪府,88-2355-7432,2022/9/1
C027,小林 明美,70,その他,千葉県15-99-658,千葉県,58-8425-4472,2022/4/14
C028,田中 翔,72,男性,千葉県18-55-9,千葉県,49-7928-7837,2022/3/8
C029,高橋 一郎,62,男性,愛知県11-66-624,愛知県,32-2264-3868,2022/10/2
C030,加藤 由美,19,その他,神奈川県12-22-83,神奈川県,33-4426-3224,2023/1/7
C031,吉田 大輔,76,その他,愛知県20-46-485,愛知県,30-2214-1498,2022/1/1
C032,高橋 翔,28,男性,福岡県16-9-394,福岡県,94-1159-9209,2022/12/13
C033,渡辺 由美,59,その他,神奈川県3-91-185,神奈川県,10-8895-5577,2022/11/13
C034,小林 花子,49,女性,埼玉県14-53-171,埼玉県,42-9378-9638,2022/12/6
C035,小林 大輔,69,男性,東京都10-41-614,東京都,27-9317-5566,2023/1/15
C036,高橋 花子,66,女性,北海道15-75-245,北海道,21-3670-3544,2022/6/20
C037,佐藤 太郎,27,男性,千葉県1-62-653,千葉県,69-6254-2149,2022/5/20
C038,田中 麗奈,57,その他,埼玉県3-9-282,埼玉県,90-3756-5646,2022/12/5
C039,吉田 大輔,22,男性,愛知県12-31-812,愛知県,80-9322-8019,2022/4/8
C040,加藤 花子,25,女性,愛知県10-16-528,愛知県,64-6708-2192,2022/9/19
C041,田中 由美,68,その他,愛知県13-56-802,愛知県,13-5224-1753,2022/4/24
C042,高橋 大輔,18,その他,北海道17-55-236,北海道,95-2329-1874,2022/5/18
C043,渡辺 大輔,25,男性,千葉県17-37-610,千葉県,57-6431-5144,2022/7/16
C044,田中 陽子,27,女性,神奈川県11-1-788,神奈川県,58-9114-1777,2022/4/11
C045,伊藤 陽子,32,女性,神奈川県9-69-768,神奈川県,87-1357-6986,2022/7/2
C046,高橋 麗奈,19,女性,大阪府17-78-866,大阪府,35-4428-4312,2022/5/18
C047,渡辺 太郎,24,男性,神奈川県9-40-267,神奈川県,49-8425-3563,2022/12/6
C048,伊藤 一郎,21,男性,神奈川県12-4-181,神奈川県,72-9664-1550,2022/5/10
C049,佐藤 一郎,53,男性,神奈川県1-9-545,神奈川県,97-4821-3221,2022/7/8
C050,渡辺 翔,74,その他,千葉県7-39-487,千葉県,51-6535-2593,2022/9/30
C051,佐藤 花子,78,女性,愛知県16-93-660,愛知県,64-8525-2388,2022/10/16
C052,高橋 明美,31,女性,大阪府2-1-252,大阪府,39-8656-6100,2022/3/4
C053,佐藤 大輔,20,その他,神奈川県19-19-976,神奈川県,98-6413-4852,2023/1/8
C054,鈴木 麗奈,34,その他,愛知県10-69-345,愛知県,12-8854-6365,2022/9/11
C055,吉田 麗奈,23,女性,福岡県13-7-14,福岡県,61-7542-8155,2022/11/11
C056,加藤 花子,75,その他,東京都17-90-292,東京都,98-6642-5215,2022/1/25
C057,小林 由美,77,女性,愛知県10-32-659,愛知県,33-4584-8089,2022/11/28
C058,田中 麗奈,34,その他,北海道16-49-904,北海道,91-2601-8230,2022/10/17
C059,加藤 陽子,35,その他,東京都7-76-792,東京都,87-9707-1467,2022/4/27
C060,小林 花子,24,女性,神奈川県9-38-366,神奈川県,46-9758-2551,2022/6/7
C061,田中 大輔,70,男性,福岡県10-35-384,福岡県,39-6851-1395,2023/1/25
C062,小林 太郎,69,その他,埼玉県17-6-626,埼玉県,28-5586-7702,2022/5/26
C063,佐藤 花子,36,女性,埼玉県7-43-566,埼玉県,12-8636-2153,2022/1/2
C064,吉田 太郎,20,男性,大阪府15-72-998,大阪府,19-8082-4518,2022/7/21
C065,中村 明美,20,その他,神奈川県2-96-84,神奈川県,67-5599-8090,2022/6/28
C066,伊藤 大輔,56,その他,埼玉県10-82-881,埼玉県,42-8042-5881,2022/12/14
C067,高橋 由美,20,女性,神奈川県4-3-823,神奈川県,71-4150-6207,2022/4/4
C068,小林 大輔,67,その他,北海道6-74-662,北海道,76-8632-6224,2022/2/19
C069,鈴木 明美,48,その他,神奈川県20-8-342,神奈川県,17-9822-1972,2022/9/13
C070,伊藤 太郎,30,男性,北海道14-54-64,北海道,48-5798-1851,2022/1/11
C071,佐藤 健一,33,その他,北海道9-81-671,北海道,35-4082-3951,2022/4/26
C072,田中 明美,75,女性,北海道14-66-814,北海道,79-9137-1607,2023/1/24
C073,田中 健一,28,その他,東京都4-94-152,東京都,76-4439-9375,2022/4/23
C074,加藤 明美,74,女性,大阪府10-86-888,大阪府,83-9602-9890,2022/7/24
C075,吉田 健一,52,その他,千葉県9-22-822,千葉県,83-4755-9381,2022/9/1
C076,渡辺 陽子,60,女性,埼玉県12-8-507,埼玉県,15-8748-5838,2022/9/18
C077,加藤 由美,44,その他,千葉県8-59-440,千葉県,65-5860-4776,2022/12/9
C078,伊藤 大輔,51,男性,東京都5-69-363,東京都,81-4424-5752,2023/2/3
C079,中村 健一,48,男性,千葉県6-37-190,千葉県,80-2534-3915,2022/3/19
C080,伊藤 健一,79,男性,大阪府19-38-192,大阪府,25-4737-7256,2022/3/19
C081,高橋 健一,79,男性,神奈川県4-58-563,神奈川県,61-4833-5447,2022/5/1
C082,伊藤 陽子,60,その他,神奈川県19-74-203,神奈川県,87-1353-5817,2022/3/10
C083,鈴木 健一,54,その他,福岡県13-27-731,福岡県,11-6484-6081,2022/2/10
C084,高橋 健一,79,男性,埼玉県9-13-743,埼玉県,33-8192-2901,2022/10/8
C085,渡辺 明美,37,女性,神奈川県14-11-523,神奈川県,78-3257-1413,2022/11/8
C086,伊藤 太郎,36,男性,埼玉県13-84-417,埼玉県,54-4089-1706,2022/5/7
C087,加藤 大輔,61,その他,大阪府13-6-193,大阪府,43-2701-1282,2022/4/23
C088,吉田 翔,57,その他,東京都13-87-771,東京都,32-8742-9262,2022/4/29
C089,伊藤 麗奈,71,女性,北海道18-88-903,北海道,95-6251-1676,2022/4/3
C090,渡辺 花子,75,女性,北海道12-78-107,北海道,90-1877-1141,2022/3/13
C091,田中 一郎,30,男性,北海道19-24-593,北海道,35-3191-4767,2022/10/17
C092,鈴木 明美,59,女性,北海道9-27-309,北海道,70-4136-2569,2023/2/3
C093,加藤 由美,43,女性,東京都16-14-883,東京都,83-3617-9573,2022/5/20
C094,吉田 一郎,34,男性,神奈川県17-56-199,神奈川県,88-8187-8738,2022/9/29
C095,加藤 花子,27,女性,神奈川県18-20-299,神奈川県,69-9982-9783,2022/8/23
C096,中村 由美,80,女性,千葉県18-10-75,千葉県,51-5769-6572,2022/5/9
C097,小林 健一,75,男性,千葉県16-41-39,千葉県,74-7467-7948,2022/10/11
C098,佐藤 翔,26,その他,北海道14-9-163,北海道,26-2455-4010,2022/5/24
C099,吉田 明美,23,その他,愛知県12-99-169,愛知県,99-1555-4452,2022/6/19
C100,渡辺 花子,71,女性,福岡県12-10-551,福岡県,25-3821-5489,2022/7/10
