ParticipantID,イベント名,参加日,参加時間,参加費,会場,連絡先
EP001,データ分析ワークショップ,2023-01-26,12:00-13:00,2000円,名古屋コンベンションホール,ep001@example.com
EP002,データ分析ワークショップ,2023-02-22,13:00-14:00,2000円,オンライン,ep002@example.com
EP003,DX推進セミナー,2023-02-01,09:00-11:00,1000円,名古屋コンベンションホール,ep003@example.com
EP004,クラウド活用講座,2023-02-09,18:00-19:00,2000円,福岡カンファレンスセンター,ep004@example.com
EP005,AIセミナー,2023-01-18,12:00-15:00,1000円,大阪国際会議場,ep005@example.com
EP006,Python入門講座,2023-01-29,11:00-12:00,3000円,福岡カンファレンスセンター,ep006@example.com
EP007,Python入門講座,2023-01-26,13:00-14:00,2000円,オンライン,ep007@example.com
EP008,AIセミナー,2023-01-12,12:00-15:00,0円,福岡カンファレンスセンター,ep008@example.com
EP009,AIセミナー,2023-01-23,14:00-15:00,1000円,名古屋コンベンションホール,ep009@example.com
EP010,AIセミナー,2023-02-22,12:00-13:00,1000円,東京ビッグサイト,ep010@example.com
EP011,データ分析ワークショップ,2023-01-21,16:00-18:00,2000円,東京ビッグサイト,ep011@example.com
EP012,Python入門講座,2023-02-08,15:00-17:00,3000円,オンライン,ep012@example.com
EP013,クラウド活用講座,2023-02-09,17:00-18:00,0円,名古屋コンベンションホール,ep013@example.com
EP014,Python入門講座,2023-02-04,09:00-12:00,1000円,名古屋コンベンションホール,ep014@example.com
EP015,Python入門講座,2023-01-07,09:00-12:00,1000円,福岡カンファレンスセンター,ep015@example.com
EP016,データ分析ワークショップ,2023-02-06,09:00-12:00,0円,福岡カンファレンスセンター,ep016@example.com
EP017,DX推進セミナー,2023-02-12,11:00-14:00,2000円,東京ビッグサイト,ep017@example.com
EP018,DX推進セミナー,2023-01-02,14:00-17:00,3000円,名古屋コンベンションホール,ep018@example.com
EP019,クラウド活用講座,2023-02-25,17:00-20:00,2000円,福岡カンファレンスセンター,ep019@example.com
EP020,AIセミナー,2023-01-03,15:00-18:00,1000円,東京ビッグサイト,ep020@example.com
EP021,データ分析ワークショップ,2023-01-19,09:00-12:00,1000円,オンライン,ep021@example.com
EP022,データ分析ワークショップ,2023-02-03,15:00-18:00,0円,東京ビッグサイト,ep022@example.com
EP023,データ分析ワークショップ,2023-01-05,18:00-20:00,2000円,大阪国際会議場,ep023@example.com
EP024,Python入門講座,2023-01-17,16:00-18:00,3000円,東京ビッグサイト,ep024@example.com
EP025,AIセミナー,2023-01-21,18:00-20:00,3000円,名古屋コンベンションホール,ep025@example.com
EP026,AIセミナー,2023-01-25,09:00-10:00,3000円,名古屋コンベンションホール,ep026@example.com
EP027,データ分析ワークショップ,2023-01-30,17:00-18:00,3000円,福岡カンファレンスセンター,ep027@example.com
EP028,データ分析ワークショップ,2023-01-25,14:00-15:00,2000円,オンライン,ep028@example.com
EP029,AIセミナー,2023-01-04,15:00-16:00,3000円,東京ビッグサイト,ep029@example.com
EP030,Python入門講座,2023-01-30,18:00-21:00,2000円,オンライン,ep030@example.com
EP031,データ分析ワークショップ,2023-01-18,09:00-11:00,3000円,東京ビッグサイト,ep031@example.com
EP032,DX推進セミナー,2023-02-02,16:00-17:00,0円,大阪国際会議場,ep032@example.com
EP033,クラウド活用講座,2023-02-22,09:00-11:00,3000円,オンライン,ep033@example.com
EP034,クラウド活用講座,2023-01-17,14:00-17:00,3000円,東京ビッグサイト,ep034@example.com
EP035,DX推進セミナー,2023-03-02,17:00-19:00,2000円,大阪国際会議場,ep035@example.com
EP036,DX推進セミナー,2023-03-01,09:00-10:00,3000円,福岡カンファレンスセンター,ep036@example.com
EP037,データ分析ワークショップ,2023-01-19,17:00-20:00,0円,名古屋コンベンションホール,ep037@example.com
EP038,クラウド活用講座,2023-02-11,18:00-20:00,2000円,オンライン,ep038@example.com
EP039,Python入門講座,2023-01-01,11:00-13:00,1000円,福岡カンファレンスセンター,ep039@example.com
EP040,Python入門講座,2023-01-22,15:00-18:00,0円,名古屋コンベンションホール,ep040@example.com
EP041,DX推進セミナー,2023-02-02,11:00-14:00,1000円,東京ビッグサイト,ep041@example.com
EP042,AIセミナー,2023-02-18,10:00-12:00,3000円,名古屋コンベンションホール,ep042@example.com
EP043,Python入門講座,2023-01-08,16:00-17:00,3000円,福岡カンファレンスセンター,ep043@example.com
EP044,Python入門講座,2023-01-26,18:00-21:00,2000円,福岡カンファレンスセンター,ep044@example.com
EP045,DX推進セミナー,2023-01-30,17:00-20:00,1000円,大阪国際会議場,ep045@example.com
EP046,AIセミナー,2023-02-19,17:00-20:00,1000円,大阪国際会議場,ep046@example.com
EP047,AIセミナー,2023-02-19,09:00-11:00,3000円,名古屋コンベンションホール,ep047@example.com
EP048,AIセミナー,2023-01-22,14:00-17:00,2000円,福岡カンファレンスセンター,ep048@example.com
EP049,クラウド活用講座,2023-01-24,11:00-13:00,3000円,東京ビッグサイト,ep049@example.com
EP050,Python入門講座,2023-02-22,09:00-12:00,2000円,大阪国際会議場,ep050@example.com
EP051,AIセミナー,2023-02-05,12:00-13:00,2000円,名古屋コンベンションホール,ep051@example.com
EP052,クラウド活用講座,2023-01-10,14:00-15:00,3000円,大阪国際会議場,ep052@example.com
EP053,データ分析ワークショップ,2023-01-04,15:00-16:00,3000円,福岡カンファレンスセンター,ep053@example.com
EP054,Python入門講座,2023-01-02,12:00-13:00,2000円,東京ビッグサイト,ep054@example.com
EP055,DX推進セミナー,2023-01-16,11:00-14:00,2000円,福岡カンファレンスセンター,ep055@example.com
EP056,AIセミナー,2023-02-08,16:00-19:00,0円,名古屋コンベンションホール,ep056@example.com
EP057,Python入門講座,2023-02-08,16:00-19:00,2000円,大阪国際会議場,ep057@example.com
EP058,AIセミナー,2023-01-03,17:00-19:00,1000円,福岡カンファレンスセンター,ep058@example.com
EP059,DX推進セミナー,2023-02-18,17:00-20:00,0円,名古屋コンベンションホール,ep059@example.com
EP060,Python入門講座,2023-02-08,14:00-15:00,3000円,オンライン,ep060@example.com
EP061,AIセミナー,2023-02-07,16:00-19:00,0円,福岡カンファレンスセンター,ep061@example.com
EP062,AIセミナー,2023-01-30,15:00-16:00,0円,福岡カンファレンスセンター,ep062@example.com
EP063,データ分析ワークショップ,2023-02-22,09:00-10:00,3000円,福岡カンファレンスセンター,ep063@example.com
EP064,クラウド活用講座,2023-02-19,10:00-11:00,1000円,名古屋コンベンションホール,ep064@example.com
EP065,DX推進セミナー,2023-02-06,16:00-17:00,1000円,東京ビッグサイト,ep065@example.com
EP066,クラウド活用講座,2023-02-28,12:00-13:00,1000円,名古屋コンベンションホール,ep066@example.com
EP067,AIセミナー,2023-02-15,13:00-16:00,0円,名古屋コンベンションホール,ep067@example.com
EP068,AIセミナー,2023-01-25,11:00-14:00,3000円,大阪国際会議場,ep068@example.com
EP069,AIセミナー,2023-01-06,18:00-20:00,0円,オンライン,ep069@example.com
EP070,データ分析ワークショップ,2023-02-19,15:00-17:00,2000円,福岡カンファレンスセンター,ep070@example.com
EP071,DX推進セミナー,2023-02-11,15:00-17:00,0円,オンライン,ep071@example.com
EP072,DX推進セミナー,2023-01-13,14:00-15:00,3000円,東京ビッグサイト,ep072@example.com
EP073,AIセミナー,2023-02-24,17:00-18:00,3000円,大阪国際会議場,ep073@example.com
EP074,DX推進セミナー,2023-01-11,16:00-19:00,1000円,オンライン,ep074@example.com
EP075,AIセミナー,2023-01-30,14:00-16:00,2000円,オンライン,ep075@example.com
EP076,クラウド活用講座,2023-01-01,18:00-20:00,1000円,大阪国際会議場,ep076@example.com
EP077,AIセミナー,2023-01-12,09:00-11:00,0円,名古屋コンベンションホール,ep077@example.com
EP078,AIセミナー,2023-02-22,10:00-13:00,0円,福岡カンファレンスセンター,ep078@example.com
EP079,DX推進セミナー,2023-02-19,15:00-16:00,1000円,大阪国際会議場,ep079@example.com
EP080,DX推進セミナー,2023-02-14,17:00-18:00,0円,オンライン,ep080@example.com
EP081,AIセミナー,2023-01-05,16:00-18:00,3000円,大阪国際会議場,ep081@example.com
EP082,AIセミナー,2023-01-31,12:00-15:00,0円,福岡カンファレンスセンター,ep082@example.com
EP083,データ分析ワークショップ,2023-01-11,09:00-11:00,1000円,オンライン,ep083@example.com
EP084,AIセミナー,2023-02-07,12:00-15:00,0円,名古屋コンベンションホール,ep084@example.com
EP085,AIセミナー,2023-02-26,18:00-20:00,2000円,東京ビッグサイト,ep085@example.com
EP086,AIセミナー,2023-01-31,11:00-12:00,1000円,オンライン,ep086@example.com
EP087,Python入門講座,2023-02-08,12:00-14:00,0円,オンライン,ep087@example.com
EP088,DX推進セミナー,2023-01-21,15:00-16:00,3000円,東京ビッグサイト,ep088@example.com
EP089,Python入門講座,2023-01-14,09:00-12:00,0円,オンライン,ep089@example.com
EP090,DX推進セミナー,2023-02-07,11:00-12:00,3000円,福岡カンファレンスセンター,ep090@example.com
EP091,Python入門講座,2023-02-27,17:00-19:00,1000円,福岡カンファレンスセンター,ep091@example.com
EP092,AIセミナー,2023-02-01,12:00-15:00,0円,福岡カンファレンスセンター,ep092@example.com
EP093,データ分析ワークショップ,2023-01-14,17:00-20:00,1000円,東京ビッグサイト,ep093@example.com
EP094,クラウド活用講座,2023-02-10,14:00-16:00,3000円,大阪国際会議場,ep094@example.com
EP095,AIセミナー,2023-02-17,17:00-19:00,1000円,福岡カンファレンスセンター,ep095@example.com
EP096,AIセミナー,2023-01-16,15:00-18:00,3000円,オンライン,ep096@example.com
EP097,データ分析ワークショップ,2023-01-15,16:00-17:00,1000円,東京ビッグサイト,ep097@example.com
EP098,データ分析ワークショップ,2023-02-15,17:00-18:00,1000円,大阪国際会議場,ep098@example.com
EP099,AIセミナー,2023-02-03,17:00-20:00,1000円,福岡カンファレンスセンター,ep099@example.com
EP100,データ分析ワークショップ,2023-01-07,16:00-19:00,2000円,オンライン,ep100@example.com
