BookID,タイトル,著者,出版年,ジャンル,ISBN,在庫数,出版社
B001,学びを結果に変えるアウトプット大全,樺沢紫苑,1950,自己啓発,978-3-6242-1693,7,岩波書店
B002,君の名は,新海誠,1949,小説,978-4-7648-2796,14,KADOKAWA
B003,人を動かす,デール・カーネギー,1924,教育,978-7-4645-5690,6,サンクチュアリ出版
B004,星の王子さま,サン=テグジュペリ,2021,文学,978-9-7073-1351,11,新潮社
B005,ワンピース 1,尾田栄一郎,1946,文学,978-8-9506-4982,3,KADOKAWA
B006,銀河鉄道の夜,宮沢賢治,1902,童話,978-3-1725-1176,15,KADOKAWA
B007,ハリー・ポッターと賢者の石,J.K.ローリング,2015,漫画,978-7-7131-8570,2,岩波書店
B008,罪と罰,ドストエフスキー,1910,教育,978-1-7749-2526,3,岩波書店
B009,ハムレット,シェイクスピア,1961,教育,978-6-2342-2099,0,文藝春秋
B010,プロジェクト・ヘイル・メアリー,アンディ・ウィアー,1947,教育,978-4-4069-1442,6,創元社
B011,学びを結果に変えるアウトプット大全,樺沢紫苑,1996,ファンタジー,978-5-5585-7252,2,サンクチュアリ出版
B012,君の名は,新海誠,1912,文芸,978-6-7248-7155,7,新潮社
B013,人を動かす,デール・カーネギー,1953,ファンタジー,978-9-339-2704,20,新潮社
B014,星の王子さま,サン=テグジュペリ,1990,ファンタジー,978-2-538-7096,11,文藝春秋
B015,ワンピース 1,尾田栄一郎,2020,教育,978-5-7919-4234,18,新潮社
B016,銀河鉄道の夜,宮沢賢治,1908,漫画,978-4-7249-6970,7,創元社
B017,ハリー・ポッターと賢者の石,J.K.ローリング,2014,文学,978-4-2455-5951,7,サンクチュアリ出版
B018,罪と罰,ドストエフスキー,1913,小説,978-8-706-4250,0,新潮社
B019,ハムレット,シェイクスピア,1931,ファンタジー,978-5-5471-9364,20,新潮社
B020,プロジェクト・ヘイル・メアリー,アンディ・ウィアー,2002,文学,978-4-7541-6902,19,創元社
B021,学びを結果に変えるアウトプット大全,樺沢紫苑,1916,童話,978-7-4504-8949,4,文藝春秋
B022,君の名は,新海誠,1901,小説,978-1-409-8987,9,岩波書店
B023,人を動かす,デール・カーネギー,1954,ファンタジー,978-3-2784-7722,16,文藝春秋
B024,星の王子さま,サン=テグジュペリ,2020,小説,978-8-987-8235,18,岩波書店
B025,ワンピース 1,尾田栄一郎,1989,漫画,978-8-8698-555,3,サンクチュアリ出版
B026,銀河鉄道の夜,宮沢賢治,1967,童話,978-4-624-9770,15,集英社
B027,ハリー・ポッターと賢者の石,J.K.ローリング,1961,自己啓発,978-8-8770-6725,14,文藝春秋
B028,罪と罰,ドストエフスキー,1971,文芸,978-3-949-4649,9,KADOKAWA
B029,ハムレット,シェイクスピア,1900,文芸,978-6-3028-6644,20,創元社
B030,プロジェクト・ヘイル・メアリー,アンディ・ウィアー,2021,小説,978-7-5361-6379,8,文藝春秋
B031,学びを結果に変えるアウトプット大全,樺沢紫苑,1920,教育,978-5-8063-8380,10,創元社
B032,君の名は,新海誠,2000,小説,978-5-9603-3883,7,サンクチュアリ出版
B033,人を動かす,デール・カーネギー,1930,漫画,978-4-977-4132,14,文藝春秋
B034,星の王子さま,サン=テグジュペリ,2006,文芸,978-8-5373-149,17,岩波書店
B035,ワンピース 1,尾田栄一郎,1951,文芸,978-8-1351-3947,5,集英社
B036,銀河鉄道の夜,宮沢賢治,1940,文芸,978-9-2527-5885,7,サンクチュアリ出版
B037,ハリー・ポッターと賢者の石,J.K.ローリング,1932,文学,978-4-2549-6569,17,集英社
B038,罪と罰,ドストエフスキー,2018,童話,978-5-3415-150,20,岩波書店
B039,ハムレット,シェイクスピア,1913,童話,978-8-3838-3785,9,サンクチュアリ出版
B040,プロジェクト・ヘイル・メアリー,アンディ・ウィアー,2014,教育,978-9-6641-7385,16,集英社
B041,学びを結果に変えるアウトプット大全,樺沢紫苑,1906,ファンタジー,978-4-2742-9425,18,創元社
B042,君の名は,新海誠,1954,漫画,978-3-8573-3438,14,創元社
B043,人を動かす,デール・カーネギー,1994,ファンタジー,978-3-4822-1666,17,集英社
B044,星の王子さま,サン=テグジュペリ,1943,文学,978-8-1120-1517,11,集英社
B045,ワンピース 1,尾田栄一郎,1944,童話,978-6-6373-7400,0,サンクチュアリ出版
B046,銀河鉄道の夜,宮沢賢治,1912,小説,978-9-4221-761,1,岩波書店
B047,ハリー・ポッターと賢者の石,J.K.ローリング,2004,文学,978-6-8206-1424,13,KADOKAWA
B048,罪と罰,ドストエフスキー,1930,童話,978-4-5612-9979,18,集英社
B049,ハムレット,シェイクスピア,1998,ファンタジー,978-4-206-5177,11,岩波書店
B050,プロジェクト・ヘイル・メアリー,アンディ・ウィアー,2021,文芸,978-1-3971-619,7,サンクチュアリ出版
B051,学びを結果に変えるアウトプット大全,樺沢紫苑,1910,童話,978-6-1687-1111,20,サンクチュアリ出版
B052,君の名は,新海誠,1962,文芸,978-5-6458-1895,16,KADOKAWA
B053,人を動かす,デール・カーネギー,1942,小説,978-8-7790-5730,0,KADOKAWA
B054,星の王子さま,サン=テグジュペリ,1936,童話,978-8-1043-5684,14,岩波書店
B055,ワンピース 1,尾田栄一郎,2025,教育,978-3-4892-7909,9,岩波書店
B056,銀河鉄道の夜,宮沢賢治,1935,漫画,978-2-8697-5313,12,文藝春秋
B057,ハリー・ポッターと賢者の石,J.K.ローリング,1981,漫画,978-5-5737-9141,9,新潮社
B058,罪と罰,ドストエフスキー,1912,文芸,978-6-7818-1123,5,サンクチュアリ出版
B059,ハムレット,シェイクスピア,1904,ファンタジー,978-4-8187-2196,13,新潮社
B060,プロジェクト・ヘイル・メアリー,アンディ・ウィアー,1986,自己啓発,978-7-4612-6807,3,集英社
B061,学びを結果に変えるアウトプット大全,樺沢紫苑,1925,ファンタジー,978-1-8304-5581,9,新潮社
B062,君の名は,新海誠,1991,小説,978-5-7750-3163,4,KADOKAWA
B063,人を動かす,デール・カーネギー,1901,小説,978-8-3828-8575,6,サンクチュアリ出版
B064,星の王子さま,サン=テグジュペリ,1903,ファンタジー,978-4-5101-8960,7,KADOKAWA
B065,ワンピース 1,尾田栄一郎,1993,ファンタジー,978-5-9209-1438,8,サンクチュアリ出版
B066,銀河鉄道の夜,宮沢賢治,1985,童話,978-5-5059-6543,16,サンクチュアリ出版
B067,ハリー・ポッターと賢者の石,J.K.ローリング,1952,童話,978-6-9931-6116,18,岩波書店
B068,罪と罰,ドストエフスキー,1928,文学,978-5-3733-9651,16,岩波書店
B069,ハムレット,シェイクスピア,2006,文学,978-1-6028-7089,11,創元社
B070,プロジェクト・ヘイル・メアリー,アンディ・ウィアー,1932,童話,978-2-9628-151,7,文藝春秋
B071,学びを結果に変えるアウトプット大全,樺沢紫苑,1970,自己啓発,978-5-9527-6043,3,集英社
B072,君の名は,新海誠,2024,自己啓発,978-8-7533-6894,16,新潮社
B073,人を動かす,デール・カーネギー,1924,童話,978-1-510-7765,15,KADOKAWA
B074,星の王子さま,サン=テグジュペリ,1913,文芸,978-7-7868-2036,8,サンクチュアリ出版
B075,ワンピース 1,尾田栄一郎,1937,漫画,978-8-1498-8512,0,サンクチュアリ出版
B076,銀河鉄道の夜,宮沢賢治,1919,文学,978-1-4777-9132,1,KADOKAWA
B077,ハリー・ポッターと賢者の石,J.K.ローリング,1905,文芸,978-8-3081-4341,17,新潮社
B078,罪と罰,ドストエフスキー,2013,漫画,978-7-721-4772,9,KADOKAWA
B079,ハムレット,シェイクスピア,1973,小説,978-8-5247-4812,6,岩波書店
B080,プロジェクト・ヘイル・メアリー,アンディ・ウィアー,1988,童話,978-2-518-9027,16,KADOKAWA
B081,学びを結果に変えるアウトプット大全,樺沢紫苑,2024,教育,978-6-5434-5315,13,集英社
B082,君の名は,新海誠,1914,ファンタジー,978-6-8935-9304,18,文藝春秋
B083,人を動かす,デール・カーネギー,1917,ファンタジー,978-4-1192-6663,11,サンクチュアリ出版
B084,星の王子さま,サン=テグジュペリ,1943,ファンタジー,978-2-9347-1082,8,集英社
B085,ワンピース 1,尾田栄一郎,2008,童話,978-7-1284-1830,18,岩波書店
B086,銀河鉄道の夜,宮沢賢治,1916,漫画,978-7-4760-5380,5,文藝春秋
B087,ハリー・ポッターと賢者の石,J.K.ローリング,2020,文学,978-7-3531-3557,14,文藝春秋
B088,罪と罰,ドストエフスキー,1944,漫画,978-7-4942-6928,16,KADOKAWA
B089,ハムレット,シェイクスピア,1955,小説,978-1-5748-413,16,サンクチュアリ出版
B090,プロジェクト・ヘイル・メアリー,アンディ・ウィアー,1908,文芸,978-3-3300-9195,4,集英社
B091,学びを結果に変えるアウトプット大全,樺沢紫苑,1919,教育,978-1-1798-1556,20,新潮社
B092,君の名は,新海誠,1911,教育,978-5-6933-1803,16,文藝春秋
B093,人を動かす,デール・カーネギー,1961,文芸,978-8-7064-7356,10,サンクチュアリ出版
B094,星の王子さま,サン=テグジュペリ,1999,ファンタジー,978-3-7250-6225,6,KADOKAWA
B095,ワンピース 1,尾田栄一郎,1982,文芸,978-2-7976-7412,7,KADOKAWA
B096,銀河鉄道の夜,宮沢賢治,1907,文学,978-6-3479-1925,4,創元社
B097,ハリー・ポッターと賢者の石,J.K.ローリング,1945,小説,978-6-3828-9067,0,文藝春秋
B098,罪と罰,ドストエフスキー,1975,文芸,978-8-9776-5971,12,文藝春秋
B099,ハムレット,シェイクスピア,1971,童話,978-8-7350-5788,1,KADOKAWA
B100,プロジェクト・ヘイル・メアリー,アンディ・ウィアー,1968,童話,978-6-5046-5141,9,集英社
