StaffID,名前,所属部署,役職,入社日,給与,年齢,メールアドレス,住所
S001,山田 太郎,営業,スタッフ,2018-01-31,368615,30,s001@example.com,東京都4区4-37-175
S002,佐藤 花子,総務,リーダー,2018-03-02,433380,26,s002@example.com,東京都8区5-54-521
S003,鈴木 一郎,開発,マネージャー,2018-04-01,322393,45,s003@example.com,東京都1区5-22-270
S004,高橋 美紀,マーケティング,主任,2018-05-01,402505,60,s004@example.com,東京都17区6-97-290
S005,田中 誠,人事,スタッフ,2018-05-31,336483,42,s005@example.com,東京都5区5-16-434
S006,伊藤 太郎,経理,スタッフ,2018-06-30,313475,43,s006@example.com,東京都10区7-98-185
S007,渡辺 花子,CS,リーダー,2018-07-30,324168,39,s007@example.com,東京都19区9-11-97
S008,中村 一郎,法務,マネージャー,2018-08-29,318894,25,s008@example.com,東京都11区1-27-156
S009,小林 美紀,ITサポート,主任,2018-09-28,431526,58,s009@example.com,東京都2区2-81-913
S010,加藤 誠,物流,スタッフ,2018-10-28,408483,57,s010@example.com,東京都2区9-25-915
S011,山田 太郎,営業,スタッフ,2018-11-27,314985,35,s011@example.com,東京都3区8-1-816
S012,佐藤 花子,総務,リーダー,2018-12-27,308770,58,s012@example.com,東京都9区4-59-1
S013,鈴木 一郎,開発,マネージャー,2019-01-26,308527,27,s013@example.com,東京都16区8-41-282
S014,高橋 美紀,マーケティング,主任,2019-02-25,393479,32,s014@example.com,東京都14区5-37-414
S015,田中 誠,人事,スタッフ,2019-03-27,324304,38,s015@example.com,東京都9区3-49-667
S016,伊藤 太郎,経理,スタッフ,2019-04-26,279579,40,s016@example.com,東京都4区5-69-843
S017,渡辺 花子,CS,リーダー,2019-05-26,441063,40,s017@example.com,東京都8区4-82-955
S018,中村 一郎,法務,マネージャー,2019-06-25,304643,27,s018@example.com,東京都6区5-77-589
S019,小林 美紀,ITサポート,主任,2019-07-25,301057,31,s019@example.com,東京都17区8-35-366
S020,加藤 誠,物流,スタッフ,2019-08-24,422548,52,s020@example.com,東京都4区8-13-902
S021,山田 太郎,営業,スタッフ,2019-09-23,273725,40,s021@example.com,東京都13区9-6-686
S022,佐藤 花子,総務,リーダー,2019-10-23,420077,27,s022@example.com,東京都19区5-48-777
S023,鈴木 一郎,開発,マネージャー,2019-11-22,434423,23,s023@example.com,東京都7区6-46-503
S024,高橋 美紀,マーケティング,主任,2019-12-22,253757,49,s024@example.com,東京都17区5-57-649
S025,田中 誠,人事,スタッフ,2020-01-21,398841,51,s025@example.com,東京都18区9-32-91
S026,伊藤 太郎,経理,スタッフ,2020-02-20,443378,60,s026@example.com,東京都7区9-77-299
S027,渡辺 花子,CS,リーダー,2020-03-21,293422,49,s027@example.com,東京都17区2-71-662
S028,中村 一郎,法務,マネージャー,2020-04-20,385637,23,s028@example.com,東京都14区9-81-589
S029,小林 美紀,ITサポート,主任,2020-05-20,437153,48,s029@example.com,東京都7区2-51-443
S030,加藤 誠,物流,スタッフ,2020-06-19,314569,50,s030@example.com,東京都1区9-61-880
S031,山田 太郎,営業,スタッフ,2020-07-19,431211,51,s031@example.com,東京都3区3-36-379
S032,佐藤 花子,総務,リーダー,2020-08-18,306254,29,s032@example.com,東京都7区5-43-151
S033,鈴木 一郎,開発,マネージャー,2020-09-17,254650,24,s033@example.com,東京都2区5-28-585
S034,高橋 美紀,マーケティング,主任,2020-10-17,448107,58,s034@example.com,東京都4区6-82-238
S035,田中 誠,人事,スタッフ,2020-11-16,351548,27,s035@example.com,東京都17区8-85-507
S036,伊藤 太郎,経理,スタッフ,2020-12-16,276936,48,s036@example.com,東京都3区4-50-661
S037,渡辺 花子,CS,リーダー,2021-01-15,426546,22,s037@example.com,東京都17区3-25-52
S038,中村 一郎,法務,マネージャー,2021-02-14,261694,40,s038@example.com,東京都4区7-6-623
S039,小林 美紀,ITサポート,主任,2021-03-16,369492,32,s039@example.com,東京都9区7-41-701
S040,加藤 誠,物流,スタッフ,2021-04-15,328630,36,s040@example.com,東京都2区4-58-947
S041,山田 太郎,営業,スタッフ,2021-05-15,367934,49,s041@example.com,東京都3区5-58-36
S042,佐藤 花子,総務,リーダー,2021-06-14,325059,37,s042@example.com,東京都2区8-10-207
S043,鈴木 一郎,開発,マネージャー,2021-07-14,261682,49,s043@example.com,東京都22区5-34-745
S044,高橋 美紀,マーケティング,主任,2021-08-13,321249,22,s044@example.com,東京都2区1-76-437
S045,田中 誠,人事,スタッフ,2021-09-12,265044,36,s045@example.com,東京都1区5-14-889
S046,伊藤 太郎,経理,スタッフ,2021-10-12,328947,37,s046@example.com,東京都2区7-5-531
S047,渡辺 花子,CS,リーダー,2021-11-11,358894,50,s047@example.com,東京都20区4-36-581
S048,中村 一郎,法務,マネージャー,2021-12-11,302754,40,s048@example.com,東京都1区8-59-515
S049,小林 美紀,ITサポート,主任,2022-01-10,315134,55,s049@example.com,東京都17区2-71-81
S050,加藤 誠,物流,スタッフ,2022-02-09,270269,23,s050@example.com,東京都11区5-16-222
S051,山田 太郎,営業,スタッフ,2022-03-11,363802,26,s051@example.com,東京都13区8-67-509
S052,佐藤 花子,総務,リーダー,2022-04-10,352836,44,s052@example.com,東京都12区5-38-45
S053,鈴木 一郎,開発,マネージャー,2022-05-10,287625,39,s053@example.com,東京都7区2-7-417
S054,高橋 美紀,マーケティング,主任,2022-06-09,324746,34,s054@example.com,東京都11区5-38-115
S055,田中 誠,人事,スタッフ,2022-07-09,334803,60,s055@example.com,東京都2区2-87-859
S056,伊藤 太郎,経理,スタッフ,2022-08-08,449007,30,s056@example.com,東京都13区3-76-177
S057,渡辺 花子,CS,リーダー,2022-09-07,345630,46,s057@example.com,東京都12区2-19-537
S058,中村 一郎,法務,マネージャー,2022-10-07,373870,27,s058@example.com,東京都4区8-80-870
S059,小林 美紀,ITサポート,主任,2022-11-06,356261,34,s059@example.com,東京都13区4-21-666
S060,加藤 誠,物流,スタッフ,2022-12-06,320676,26,s060@example.com,東京都12区6-25-364
S061,山田 太郎,営業,スタッフ,2023-01-05,440646,53,s061@example.com,東京都1区7-78-393
S062,佐藤 花子,総務,リーダー,2023-02-04,399888,48,s062@example.com,東京都10区8-38-509
S063,鈴木 一郎,開発,マネージャー,2023-03-06,350589,26,s063@example.com,東京都8区3-80-719
S064,高橋 美紀,マーケティング,主任,2023-04-05,350297,46,s064@example.com,東京都22区3-51-651
S065,田中 誠,人事,スタッフ,2023-05-05,370863,37,s065@example.com,東京都4区8-4-917
S066,伊藤 太郎,経理,スタッフ,2023-06-04,364424,57,s066@example.com,東京都22区7-10-486
S067,渡辺 花子,CS,リーダー,2023-07-04,358287,35,s067@example.com,東京都20区8-6-462
S068,中村 一郎,法務,マネージャー,2023-08-03,289431,33,s068@example.com,東京都19区1-5-526
S069,小林 美紀,ITサポート,主任,2023-09-02,315685,54,s069@example.com,東京都18区7-8-752
S070,加藤 誠,物流,スタッフ,2023-10-02,376833,54,s070@example.com,東京都20区6-67-759
S071,山田 太郎,営業,スタッフ,2023-11-01,401324,57,s071@example.com,東京都4区2-24-209
S072,佐藤 花子,総務,リーダー,2023-12-01,307971,50,s072@example.com,東京都6区4-71-445
S073,鈴木 一郎,開発,マネージャー,2023-12-31,381431,55,s073@example.com,東京都20区7-60-830
S074,高橋 美紀,マーケティング,主任,2024-01-30,398629,49,s074@example.com,東京都19区6-70-775
S075,田中 誠,人事,スタッフ,2024-02-29,360972,31,s075@example.com,東京都19区8-85-328
S076,伊藤 太郎,経理,スタッフ,2024-03-30,321361,36,s076@example.com,東京都19区1-44-308
S077,渡辺 花子,CS,リーダー,2024-04-29,345521,45,s077@example.com,東京都17区6-88-997
S078,中村 一郎,法務,マネージャー,2024-05-29,443293,57,s078@example.com,東京都11区3-14-569
S079,小林 美紀,ITサポート,主任,2024-06-28,318514,40,s079@example.com,東京都3区5-22-198
S080,加藤 誠,物流,スタッフ,2024-07-28,383987,60,s080@example.com,東京都8区1-7-99
S081,山田 太郎,営業,スタッフ,2024-08-27,252873,55,s081@example.com,東京都18区7-15-163
S082,佐藤 花子,総務,リーダー,2024-09-26,271216,51,s082@example.com,東京都2区5-66-131
S083,鈴木 一郎,開発,マネージャー,2024-10-26,382425,48,s083@example.com,東京都12区4-79-309
S084,高橋 美紀,マーケティング,主任,2024-11-25,267093,54,s084@example.com,東京都9区8-5-806
S085,田中 誠,人事,スタッフ,2024-12-25,256044,50,s085@example.com,東京都12区4-47-803
S086,伊藤 太郎,経理,スタッフ,2025-01-24,328227,57,s086@example.com,東京都14区8-21-644
S087,渡辺 花子,CS,リーダー,2025-02-23,420358,47,s087@example.com,東京都11区8-25-620
S088,中村 一郎,法務,マネージャー,2025-03-25,364247,37,s088@example.com,東京都13区1-57-348
S089,小林 美紀,ITサポート,主任,2025-04-24,289446,22,s089@example.com,東京都2区3-37-693
S090,加藤 誠,物流,スタッフ,2025-05-24,370606,23,s090@example.com,東京都2区7-95-964
S091,山田 太郎,営業,スタッフ,2025-06-23,363550,31,s091@example.com,東京都2区6-18-354
S092,佐藤 花子,総務,リーダー,2025-07-23,383297,30,s092@example.com,東京都1区7-97-320
S093,鈴木 一郎,開発,マネージャー,2025-08-22,417157,57,s093@example.com,東京都5区5-77-652
S094,高橋 美紀,マーケティング,主任,2025-09-21,313319,27,s094@example.com,東京都18区5-55-773
S095,田中 誠,人事,スタッフ,2025-10-21,319953,32,s095@example.com,東京都14区7-69-965
S096,伊藤 太郎,経理,スタッフ,2025-11-20,251960,50,s096@example.com,東京都5区5-46-299
S097,渡辺 花子,CS,リーダー,2025-12-20,291166,28,s097@example.com,東京都13区7-6-286
S098,中村 一郎,法務,マネージャー,2026-01-19,425769,32,s098@example.com,東京都3区4-67-806
S099,小林 美紀,ITサポート,主任,2026-02-18,349351,60,s099@example.com,東京都16区2-4-926
S100,加藤 誠,物流,スタッフ,2026-03-20,404487,26,s100@example.com,東京都7区2-41-257
